product_id,product_name,category,price
1,Finally Product,Books,253.7
2,Safe Product,Home,796.54
3,Hot Product,Books,79.05
4,Writer Product,Electronics,987.05
5,Fish Product,Books,460.78
6,Education Product,Clothing,788.95
7,In Product,Clothing,21.06
8,Cold Product,Books,947.47
9,Personal Product,Books,30.9
10,Pick Product,Electronics,581.92
11,Push Product,Clothing,155.57
12,Anyone Product,Home,25.26
13,Animal Product,Electronics,970.65
14,Lead Product,Books,379.46
15,There Product,Clothing,775.12
16,Society Product,Books,348.51
17,Attorney Product,Clothing,696.51
18,Late Product,Home,470.79
19,Issue Product,Books,998.11
20,Person Product,Home,764.05
21,Future Product,Home,72.6
22,Shoulder Product,Home,886.41
23,Continue Product,Books,258.42
24,I Product,Home,367.14
25,Talk Product,Clothing,487.84
26,Her Product,Home,605.72
27,Civil Product,Books,306.91
28,Then Product,Books,76.34
29,Popular Product,Electronics,770.97
30,Reach Product,Clothing,203.73
31,Listen Product,Clothing,201.49
32,Before Product,Clothing,956.59
33,Hit Product,Books,263.03
34,Store Product,Home,19.29
35,Woman Product,Home,989.46
36,Seem Product,Clothing,65.69
37,Yeah Product,Books,901.39
38,Like Product,Clothing,566.22
39,Most Product,Clothing,603.96
40,Article Product,Home,861.56
41,About Product,Books,991.46
42,Decade Product,Home,989.83
43,Against Product,Electronics,714.64
44,Front Product,Home,857.8
45,Act Product,Home,160.27
46,Stop Product,Clothing,54.64
47,Least Product,Home,83.13
48,Plan Product,Clothing,373.77
49,Still Product,Home,532.15
50,Marriage Product,Home,555.76
51,Above Product,Clothing,814.99
52,Ball Product,Clothing,532.54
53,Allow Product,Home,106.51
54,Right Product,Electronics,495.66
55,Military Product,Electronics,41.43
56,Stop Product,Books,601.73
57,Mouth Product,Electronics,781.68
58,Seven Product,Clothing,848.4
59,Few Product,Home,342.81
60,Better Product,Home,482.06
61,Second Product,Electronics,991.81
62,Station Product,Clothing,464.59
63,Actually Product,Clothing,284.05
64,Inside Product,Clothing,293.97
65,Sense Product,Home,277.74
66,Safe Product,Home,110.58
67,Piece Product,Clothing,124.51
68,Recent Product,Clothing,992.94
69,Blood Product,Books,26.21
70,National Product,Books,707.61
71,Risk Product,Home,188.71
72,Lose Product,Clothing,151.78
73,Address Product,Books,231.48
74,Help Product,Electronics,19.71
75,While Product,Electronics,488.81
76,Place Product,Electronics,578.19
77,Attention Product,Home,249.38
78,Different Product,Books,239.91
79,Other Product,Electronics,184.41
80,Impact Product,Electronics,588.96
81,News Product,Clothing,402.13
82,Report Product,Electronics,639.03
83,Traditional Product,Clothing,884.37
84,Everything Product,Books,798.84
85,Yeah Product,Clothing,876.01
86,No Product,Clothing,953.83
87,Science Product,Books,318.97
88,Lead Product,Electronics,78.46
89,Protect Product,Books,448.55
90,Later Product,Electronics,551.28
91,Consumer Product,Home,357.06
92,Big Product,Clothing,655.85
93,Summer Product,Books,980.28
94,Too Product,Electronics,952.79
95,Talk Product,Electronics,892.86
96,Federal Product,Books,267.39
97,Trade Product,Home,809.71
98,Vote Product,Electronics,246.93
99,Official Product,Electronics,917.23
100,Interest Product,Clothing,764.85
101,Moment Product,Clothing,915.86
102,Southern Product,Home,226.53
103,Character Product,Books,727.14
104,Kitchen Product,Home,929.42
105,Democrat Product,Electronics,837.25
106,Or Product,Home,37.44
107,Town Product,Clothing,632.2
108,Shoulder Product,Clothing,286.5
109,Stock Product,Clothing,910.26
110,Age Product,Clothing,649.69
111,Campaign Product,Home,602.54
112,Significant Product,Clothing,358.54
113,Rock Product,Electronics,970.11
114,Very Product,Clothing,882.33
115,Brother Product,Home,313.36
116,Anyone Product,Books,478.05
117,Pull Product,Books,974.61
118,Fill Product,Books,253.69
119,Term Product,Clothing,648.9
120,Suffer Product,Books,883.39
121,Eye Product,Books,400.07
122,Music Product,Clothing,464.1
123,Community Product,Electronics,803.4
124,Prepare Product,Home,552.72
125,Us Product,Clothing,210.02
126,Reduce Product,Books,266.25
127,Tend Product,Electronics,78.75
128,Back Product,Home,610.75
129,Wonder Product,Electronics,690.57
130,Door Product,Home,691.85
131,Space Product,Electronics,699.32
132,Discussion Product,Home,356.47
133,Development Product,Electronics,332.18
134,Free Product,Electronics,336.88
135,Grow Product,Clothing,639.71
136,Everything Product,Home,685.19
137,Pick Product,Home,921.41
138,Region Product,Books,674.78
139,Around Product,Electronics,145.22
140,Become Product,Home,608.58
141,Quickly Product,Home,145.06
142,Fall Product,Clothing,368.77
143,Training Product,Electronics,398.78
144,Employee Product,Clothing,645.43
145,Draw Product,Clothing,168.17
146,Test Product,Books,110.18
147,Until Product,Books,874.01
148,Now Product,Clothing,726.38
149,Eight Product,Electronics,596.54
150,Office Product,Books,87.89
151,Financial Product,Clothing,640.06
152,Make Product,Clothing,515.51
153,Audience Product,Books,134.2
154,Training Product,Home,767.07
155,Another Product,Clothing,403.1
156,Help Product,Home,79.07
157,Discuss Product,Clothing,110.85
158,High Product,Clothing,957.59
159,Wait Product,Books,433.84
160,Outside Product,Home,451.53
161,Cold Product,Clothing,495.95
162,Effort Product,Electronics,565.24
163,Create Product,Clothing,150.08
164,Decade Product,Home,901.38
165,Bit Product,Clothing,535.47
166,Environmental Product,Home,279.12
167,His Product,Books,394.09
168,Success Product,Books,849.02
169,Herself Product,Home,799.74
170,Surface Product,Home,909.01
171,System Product,Electronics,177.61
172,Training Product,Electronics,96.41
173,Current Product,Home,211.0
174,Section Product,Electronics,565.34
175,Try Product,Electronics,352.03
176,Remember Product,Clothing,465.49
177,Century Product,Clothing,400.99
178,Attorney Product,Electronics,964.76
179,First Product,Books,94.53
180,Determine Product,Electronics,390.89
181,Green Product,Books,317.06
182,Year Product,Home,965.68
183,Career Product,Electronics,655.52
184,Particular Product,Books,400.06
185,Move Product,Electronics,962.59
186,Husband Product,Clothing,663.6
187,Entire Product,Home,258.54
188,On Product,Electronics,12.29
189,Ready Product,Home,808.96
190,Kind Product,Electronics,920.84
191,Community Product,Books,336.4
192,Little Product,Home,744.59
193,Since Product,Clothing,889.25
194,Down Product,Home,736.2
195,Guess Product,Clothing,382.98
196,Play Product,Home,472.76
197,Form Product,Electronics,304.58
198,Interesting Product,Books,863.98
199,Heavy Product,Electronics,218.48
200,Degree Product,Books,866.34
201,Letter Product,Home,196.12
202,Career Product,Books,842.64
203,Something Product,Clothing,111.61
204,Mention Product,Books,49.54
205,Skill Product,Clothing,77.51
206,Oil Product,Clothing,300.98
207,Throughout Product,Home,608.78
208,Today Product,Clothing,754.46
209,Low Product,Books,341.23
210,Or Product,Home,529.6
211,Program Product,Books,985.58
212,Stage Product,Books,495.54
213,Word Product,Books,704.75
214,Century Product,Electronics,633.19
215,Strategy Product,Home,655.55
216,Force Product,Electronics,195.48
217,We Product,Books,432.29
218,Especially Product,Clothing,356.07
219,Effect Product,Clothing,116.7
220,Plan Product,Clothing,364.28
221,Generation Product,Home,8.18
222,Professor Product,Books,270.09
223,Officer Product,Home,172.72
224,Guess Product,Home,201.77
225,Research Product,Clothing,726.3
226,Look Product,Electronics,426.27
227,Up Product,Books,432.6
228,Whom Product,Books,403.98
229,Wish Product,Electronics,59.36
230,Game Product,Books,696.33
231,Particularly Product,Home,699.33
232,Budget Product,Electronics,243.03
233,Your Product,Electronics,584.93
234,Early Product,Clothing,188.99
235,Staff Product,Electronics,947.59
236,Step Product,Clothing,753.16
237,Behavior Product,Home,713.36
238,Cell Product,Clothing,327.13
239,President Product,Clothing,51.92
240,Product Product,Electronics,392.02
241,Size Product,Home,452.4
242,Someone Product,Books,464.32
243,Next Product,Home,533.46
244,Deep Product,Books,781.47
245,Measure Product,Books,829.48
246,Consider Product,Books,321.43
247,Table Product,Home,867.19
248,Evening Product,Clothing,669.86
249,Need Product,Electronics,377.89
250,Writer Product,Home,274.33
251,Expect Product,Home,885.17
252,Leader Product,Clothing,626.29
253,Degree Product,Books,410.49
254,Wind Product,Books,871.63
255,Guess Product,Clothing,558.69
256,Sound Product,Electronics,715.23
257,Thousand Product,Electronics,69.22
258,Four Product,Clothing,597.1
259,Most Product,Electronics,970.28
260,Place Product,Home,677.56
261,Mrs Product,Clothing,546.45
262,Woman Product,Electronics,263.69
263,Her Product,Home,245.71
264,Could Product,Home,565.05
265,Project Product,Home,591.61
266,Impact Product,Home,826.92
267,Live Product,Books,925.26
268,Support Product,Home,183.28
269,Social Product,Electronics,870.02
270,Set Product,Books,657.8
271,Talk Product,Books,491.94
272,Cause Product,Clothing,620.26
273,To Product,Home,792.65
274,Cover Product,Books,422.81
275,Chance Product,Home,60.42
276,Someone Product,Home,708.83
277,Arm Product,Clothing,153.23
278,Quality Product,Clothing,972.31
279,Several Product,Home,3.15
280,Focus Product,Electronics,767.11
281,Local Product,Home,473.79
282,Final Product,Clothing,53.61
283,Education Product,Home,260.17
284,Dinner Product,Books,60.21
285,Moment Product,Books,1.22
286,Book Product,Books,470.39
287,Product Product,Electronics,704.66
288,Heart Product,Books,854.07
289,Politics Product,Home,956.67
290,Act Product,Home,28.37
291,Generation Product,Books,582.56
292,Provide Product,Clothing,490.41
293,Another Product,Home,721.07
294,Particular Product,Books,723.32
295,Understand Product,Books,345.95
296,Clear Product,Home,840.6
297,Step Product,Clothing,976.23
298,Respond Product,Clothing,242.63
299,However Product,Clothing,431.69
300,Glass Product,Electronics,672.25
301,Ready Product,Electronics,8.74
302,History Product,Clothing,476.65
303,Spring Product,Home,786.07
304,Outside Product,Books,200.94
305,Agree Product,Books,869.82
306,Southern Product,Electronics,462.19
307,Before Product,Electronics,723.12
308,Instead Product,Electronics,33.27
309,President Product,Home,455.1
310,Look Product,Home,153.03
311,Series Product,Books,21.95
312,Today Product,Electronics,806.42
313,Full Product,Home,575.72
314,Account Product,Home,296.63
315,Save Product,Electronics,362.96
316,Benefit Product,Home,125.99
317,Computer Product,Clothing,588.74
318,Budget Product,Electronics,74.79
319,National Product,Electronics,403.7
320,Reduce Product,Electronics,433.46
321,Old Product,Clothing,173.77
322,Middle Product,Electronics,4.81
323,Position Product,Books,666.29
324,Exist Product,Books,432.26
325,Task Product,Books,128.5
326,Can Product,Home,327.78
327,Drive Product,Electronics,511.36
328,News Product,Clothing,817.64
329,Knowledge Product,Home,751.6
330,Especially Product,Electronics,16.98
331,Agent Product,Home,122.89
332,Its Product,Home,316.37
333,College Product,Electronics,867.55
334,Impact Product,Clothing,76.67
335,Big Product,Clothing,254.46
336,Investment Product,Books,983.93
337,Final Product,Books,312.91
338,No Product,Books,961.33
339,Hold Product,Books,297.64
340,After Product,Clothing,545.97
341,Must Product,Home,579.49
342,Sister Product,Electronics,174.04
343,Really Product,Clothing,328.09
344,Rock Product,Home,935.28
345,Carry Product,Books,697.06
346,Inside Product,Books,452.29
347,Sort Product,Home,994.28
348,High Product,Books,957.99
349,Agent Product,Home,470.21
350,Herself Product,Books,906.29
351,Republican Product,Home,398.05
352,Southern Product,Home,969.69
353,Send Product,Home,20.35
354,Itself Product,Electronics,966.77
355,City Product,Electronics,534.88
356,Other Product,Electronics,879.15
357,Democrat Product,Electronics,787.47
358,First Product,Books,868.9
359,Foot Product,Clothing,207.35
360,Visit Product,Electronics,794.04
361,Attack Product,Books,870.16
362,Strong Product,Clothing,539.21
363,Forward Product,Clothing,200.57
364,Radio Product,Books,958.24
365,Language Product,Electronics,156.43
366,Challenge Product,Books,662.42
367,Young Product,Books,295.44
368,Under Product,Clothing,601.31
369,Experience Product,Clothing,213.79
370,Security Product,Home,234.56
371,Such Product,Electronics,353.26
372,Least Product,Electronics,881.22
373,Particular Product,Books,311.04
374,Suggest Product,Electronics,789.28
375,Cut Product,Clothing,915.2
376,Yard Product,Electronics,8.67
377,Charge Product,Clothing,943.65
378,Reduce Product,Home,29.43
379,Wish Product,Books,893.05
380,Area Product,Clothing,318.87
381,Thousand Product,Electronics,466.45
382,Tv Product,Home,269.62
383,Prove Product,Home,245.36
384,Movie Product,Clothing,225.39
385,Mean Product,Clothing,159.16
386,Key Product,Electronics,225.93
387,Month Product,Home,702.54
388,Action Product,Books,706.63
389,Movement Product,Electronics,887.23
390,Congress Product,Clothing,648.23
391,A Product,Clothing,133.82
392,Series Product,Books,168.32
393,Relate Product,Clothing,966.66
394,Single Product,Electronics,368.74
395,Personal Product,Home,508.8
396,Owner Product,Home,43.56
397,Happen Product,Clothing,161.14
398,Economic Product,Electronics,561.33
399,During Product,Clothing,194.48
400,Kitchen Product,Books,107.81
401,About Product,Clothing,58.74
402,Current Product,Books,651.24
403,Maintain Product,Home,796.7
404,Out Product,Home,134.02
405,That Product,Electronics,773.85
406,As Product,Clothing,798.07
407,Pass Product,Clothing,200.4
408,Race Product,Clothing,156.0
409,Result Product,Electronics,734.58
410,Affect Product,Clothing,181.87
411,Natural Product,Books,247.28
412,Beyond Product,Clothing,139.82
413,Should Product,Electronics,380.99
414,Husband Product,Electronics,511.57
415,Letter Product,Clothing,609.38
416,Name Product,Home,497.11
417,Radio Product,Electronics,88.0
418,Standard Product,Electronics,123.96
419,A Product,Home,434.59
420,Us Product,Electronics,788.98
421,By Product,Electronics,919.58
422,Long Product,Electronics,872.6
423,Certain Product,Electronics,710.85
424,Town Product,Electronics,959.82
425,Support Product,Home,562.38
426,Help Product,Electronics,53.58
427,Drive Product,Electronics,427.31
428,Set Product,Electronics,921.25
429,Experience Product,Clothing,428.19
430,Within Product,Books,317.85
431,Performance Product,Books,273.08
432,We Product,Home,480.92
433,Car Product,Books,494.46
434,Travel Product,Electronics,844.34
435,Enter Product,Clothing,137.09
436,System Product,Electronics,208.71
437,Table Product,Books,428.72
438,Condition Product,Electronics,407.02
439,Score Product,Electronics,707.61
440,Pass Product,Books,640.91
441,Five Product,Electronics,140.28
442,Parent Product,Home,236.89
443,Lay Product,Clothing,936.23
444,Experience Product,Electronics,610.39
445,Peace Product,Books,997.58
446,Best Product,Clothing,596.15
447,Each Product,Home,721.42
448,Set Product,Electronics,42.07
449,Group Product,Clothing,120.46
450,Character Product,Books,17.56
451,Present Product,Clothing,332.82
452,Response Product,Home,374.32
453,Quickly Product,Electronics,242.04
454,Trade Product,Electronics,396.97
455,Daughter Product,Home,953.64
456,Bag Product,Books,290.57
457,Spring Product,Books,301.25
458,Growth Product,Home,781.8
459,Of Product,Electronics,176.9
460,Work Product,Books,423.04
461,Clearly Product,Clothing,442.04
462,Visit Product,Books,451.2
463,Chance Product,Home,684.22
464,Series Product,Clothing,598.07
465,Moment Product,Clothing,496.74
466,Worker Product,Home,350.2
467,During Product,Home,934.92
468,Politics Product,Electronics,98.51
469,Paper Product,Home,295.11
470,Sport Product,Clothing,340.1
471,Value Product,Clothing,776.41
472,Policy Product,Home,578.61
473,Leader Product,Books,143.09
474,Term Product,Electronics,790.87
475,Candidate Product,Home,945.45
476,Deep Product,Books,429.67
477,Maybe Product,Clothing,174.45
478,Speak Product,Books,287.55
479,Morning Product,Clothing,178.14
480,Partner Product,Electronics,163.86
481,Discuss Product,Clothing,827.0
482,Society Product,Books,220.57
483,Strong Product,Home,266.48
484,Size Product,Clothing,558.95
485,Really Product,Clothing,402.32
486,Dream Product,Home,492.3
487,Prevent Product,Clothing,364.33
488,Between Product,Electronics,114.57
489,Door Product,Clothing,628.94
490,Everything Product,Clothing,713.51
491,Street Product,Home,834.83
492,Plant Product,Electronics,183.42
493,Material Product,Books,139.59
494,Whole Product,Electronics,300.03
495,Name Product,Electronics,335.61
496,I Product,Home,445.59
497,Fill Product,Home,935.88
498,Home Product,Home,387.18
499,Win Product,Electronics,871.23
500,Challenge Product,Books,352.39
501,Drive Product,Home,351.35
502,Drop Product,Books,484.2
503,Red Product,Electronics,581.64
504,Hour Product,Home,350.05
505,Face Product,Home,245.56
506,Reason Product,Books,144.71
507,Bag Product,Books,736.75
508,Lay Product,Clothing,554.36
509,Exactly Product,Books,302.74
510,Agreement Product,Electronics,761.34
511,Wear Product,Home,683.28
512,Be Product,Home,285.57
513,With Product,Home,247.34
514,Summer Product,Electronics,38.15
515,Really Product,Electronics,179.8
516,Consider Product,Clothing,745.42
517,Market Product,Home,829.58
518,Practice Product,Books,11.17
519,School Product,Books,782.63
520,Mrs Product,Books,329.35
521,Happen Product,Home,382.53
522,But Product,Electronics,251.89
523,Course Product,Electronics,776.7
524,Fill Product,Books,774.04
525,None Product,Books,345.0
526,Have Product,Clothing,111.67
527,Parent Product,Electronics,821.04
528,Attorney Product,Clothing,401.08
529,My Product,Electronics,645.53
530,Decide Product,Home,38.34
531,Movement Product,Electronics,519.93
532,Reach Product,Books,643.72
533,Remain Product,Clothing,264.13
534,Parent Product,Clothing,901.78
535,Skin Product,Clothing,413.29
536,Positive Product,Clothing,210.87
537,Hospital Product,Books,67.13
538,Teach Product,Clothing,710.27
539,Serve Product,Home,749.64
540,Star Product,Home,670.11
541,The Product,Books,614.81
542,Agency Product,Home,264.73
543,Significant Product,Books,599.4
544,Environmental Product,Home,830.95
545,Bit Product,Home,897.95
546,Heart Product,Electronics,710.92
547,The Product,Clothing,581.14
548,Board Product,Books,361.06
549,Either Product,Clothing,825.68
550,Inside Product,Clothing,853.19
551,By Product,Clothing,462.46
552,Beat Product,Books,321.83
553,Purpose Product,Home,840.97
554,Movement Product,Clothing,259.06
555,Offer Product,Clothing,149.87
556,Early Product,Home,602.22
557,Chance Product,Home,467.98
558,Method Product,Books,890.04
559,Old Product,Home,324.45
560,Day Product,Books,424.13
561,Sing Product,Clothing,408.96
562,Education Product,Clothing,646.81
563,Enough Product,Home,465.79
564,Gas Product,Books,289.22
565,Run Product,Home,953.86
566,Drop Product,Books,133.6
567,Newspaper Product,Electronics,867.23
568,Help Product,Books,743.48
569,Cup Product,Clothing,105.28
570,Whether Product,Clothing,497.44
571,Model Product,Books,269.28
572,Stuff Product,Clothing,690.35
573,Cup Product,Home,541.3
574,Yard Product,Books,993.29
575,Entire Product,Clothing,129.3
576,Age Product,Home,568.02
577,Fight Product,Electronics,524.81
578,What Product,Books,0.3
579,Fall Product,Electronics,881.0
580,Factor Product,Books,522.42
581,Poor Product,Books,49.93
582,Treat Product,Electronics,465.72
583,Staff Product,Electronics,785.49
584,Everything Product,Home,759.98
585,Scene Product,Electronics,801.58
586,Build Product,Books,996.92
587,Rich Product,Books,893.79
588,Mind Product,Electronics,307.54
589,Design Product,Clothing,54.35
590,Direction Product,Clothing,879.52
591,Sea Product,Home,690.82
592,Stay Product,Electronics,101.06
593,Recognize Product,Home,851.03
594,Long Product,Electronics,401.99
595,Bag Product,Home,969.17
596,Either Product,Home,852.11
597,Ok Product,Clothing,405.66
598,She Product,Electronics,980.91
599,Cell Product,Clothing,925.45
600,Figure Product,Electronics,418.51
601,Agree Product,Home,19.36
602,Down Product,Home,908.48
603,Appear Product,Electronics,24.81
604,Receive Product,Clothing,825.16
605,Court Product,Electronics,379.02
606,Reveal Product,Books,32.04
607,Admit Product,Clothing,21.02
608,Situation Product,Clothing,893.04
609,Company Product,Electronics,521.53
610,Push Product,Clothing,575.59
611,Tv Product,Books,817.53
612,Mrs Product,Home,953.69
613,Arrive Product,Electronics,636.8
614,Job Product,Clothing,632.16
615,Word Product,Clothing,686.24
616,Player Product,Electronics,620.7
617,White Product,Electronics,585.59
618,Million Product,Clothing,885.79
619,Physical Product,Home,134.36
620,Loss Product,Electronics,204.87
621,Mention Product,Electronics,285.2
622,Sign Product,Clothing,875.76
623,Drug Product,Clothing,127.48
624,Practice Product,Clothing,551.17
625,Station Product,Electronics,948.86
626,Government Product,Clothing,641.92
627,Into Product,Books,532.54
628,Artist Product,Clothing,477.75
629,Behind Product,Clothing,68.55
630,Case Product,Home,179.08
631,Really Product,Electronics,237.08
632,Left Product,Electronics,32.32
633,Resource Product,Books,391.69
634,Water Product,Electronics,190.29
635,Box Product,Books,152.01
636,Tend Product,Clothing,892.3
637,Down Product,Clothing,369.38
638,Election Product,Clothing,715.6
639,Shoulder Product,Clothing,661.6
640,Who Product,Electronics,478.72
641,Scene Product,Home,712.81
642,Away Product,Books,593.66
643,Degree Product,Clothing,25.97
644,Can Product,Clothing,88.9
645,No Product,Home,755.47
646,Floor Product,Clothing,392.25
647,Series Product,Home,658.42
648,Oil Product,Electronics,667.12
649,Although Product,Electronics,203.04
650,Enjoy Product,Home,647.25
651,Short Product,Electronics,452.32
652,Court Product,Electronics,115.12
653,Item Product,Books,850.25
654,Soon Product,Electronics,999.31
655,Offer Product,Clothing,42.78
656,Clearly Product,Home,646.99
657,Stand Product,Books,391.78
658,Forget Product,Books,762.34
659,Source Product,Clothing,848.48
660,Age Product,Clothing,808.91
661,Point Product,Clothing,217.13
662,Wear Product,Electronics,252.91
663,Culture Product,Home,859.09
664,Collection Product,Books,697.65
665,Structure Product,Home,476.57
666,Sport Product,Home,860.95
667,And Product,Electronics,310.01
668,Brother Product,Clothing,206.39
669,Where Product,Home,659.94
670,Between Product,Books,773.93
671,Offer Product,Clothing,514.09
672,Look Product,Clothing,503.5
673,Wife Product,Clothing,695.04
674,North Product,Books,684.53
675,Left Product,Clothing,783.18
676,Guy Product,Books,891.78
677,Mother Product,Electronics,445.8
678,Firm Product,Books,374.0
679,Movie Product,Home,194.37
680,North Product,Home,238.5
681,Audience Product,Books,103.47
682,Assume Product,Electronics,823.24
683,Trouble Product,Clothing,585.81
684,Money Product,Clothing,31.38
685,Show Product,Electronics,504.11
686,Machine Product,Clothing,892.44
687,Race Product,Electronics,29.17
688,Let Product,Electronics,261.99
689,Assume Product,Books,717.58
690,Green Product,Clothing,474.78
691,Left Product,Clothing,917.14
692,Central Product,Home,405.82
693,Because Product,Clothing,606.73
694,Class Product,Home,641.07
695,We Product,Books,583.02
696,Among Product,Electronics,994.03
697,Effect Product,Electronics,89.87
698,Forward Product,Books,23.32
699,Listen Product,Electronics,101.95
700,Friend Product,Clothing,925.37
701,Inside Product,Electronics,716.57
702,Hold Product,Books,364.57
703,President Product,Home,843.54
704,Focus Product,Home,5.34
705,Leave Product,Home,90.35
706,West Product,Home,503.4
707,Trade Product,Home,973.2
708,Over Product,Books,64.4
709,Eat Product,Home,610.08
710,Contain Product,Clothing,645.73
711,Book Product,Books,648.41
712,Account Product,Electronics,18.04
713,Year Product,Clothing,481.43
714,Affect Product,Electronics,41.17
715,Establish Product,Electronics,727.6
716,Southern Product,Clothing,615.51
717,Measure Product,Clothing,56.08
718,More Product,Books,728.4
719,Fear Product,Clothing,23.91
720,Suffer Product,Books,342.7
721,Table Product,Books,595.62
722,Recently Product,Clothing,348.17
723,Successful Product,Books,963.85
724,Store Product,Home,580.49
725,Least Product,Electronics,588.11
726,Money Product,Home,437.74
727,Report Product,Electronics,635.01
728,Sing Product,Electronics,285.1
729,Indicate Product,Home,355.98
730,Party Product,Clothing,814.11
731,City Product,Home,798.63
732,Chair Product,Electronics,445.82
733,Political Product,Books,902.52
734,Base Product,Electronics,259.42
735,Data Product,Home,873.1
736,President Product,Books,862.4
737,Face Product,Clothing,110.45
738,School Product,Clothing,276.81
739,Onto Product,Clothing,407.16
740,Top Product,Books,219.29
741,Trip Product,Electronics,804.93
742,Customer Product,Electronics,213.82
743,Take Product,Clothing,186.0
744,Center Product,Electronics,875.47
745,From Product,Clothing,639.65
746,Attorney Product,Clothing,942.24
747,Without Product,Books,486.6
748,Military Product,Electronics,623.92
749,Will Product,Books,922.86
750,Her Product,Clothing,141.19
751,Part Product,Electronics,840.11
752,Worker Product,Home,114.23
753,Baby Product,Clothing,250.98
754,Significant Product,Home,901.06
755,Serious Product,Clothing,157.55
756,Dinner Product,Home,302.9
757,Over Product,Electronics,327.85
758,Every Product,Electronics,891.57
759,Various Product,Clothing,788.88
760,Law Product,Books,305.61
761,Simple Product,Clothing,704.57
762,Dinner Product,Electronics,298.2
763,Drive Product,Clothing,833.52
764,Question Product,Home,906.75
765,Whom Product,Clothing,615.63
766,Specific Product,Clothing,396.24
767,Set Product,Clothing,435.41
768,National Product,Home,84.79
769,Data Product,Books,838.32
770,Imagine Product,Home,224.63
771,But Product,Books,444.8
772,Bit Product,Clothing,348.91
773,Consumer Product,Home,444.59
774,Mrs Product,Home,221.97
775,Successful Product,Books,286.21
776,Game Product,Books,864.24
777,One Product,Books,953.89
778,Year Product,Clothing,393.34
779,Good Product,Home,808.15
780,Room Product,Clothing,131.65
781,Protect Product,Home,808.08
782,Result Product,Books,420.83
783,Tonight Product,Books,298.81
784,Serious Product,Home,553.77
785,Drug Product,Clothing,509.28
786,Fire Product,Clothing,710.02
787,Until Product,Electronics,181.72
788,Sure Product,Home,166.0
789,Benefit Product,Home,624.28
790,Our Product,Books,627.9
791,Present Product,Electronics,191.11
792,Bad Product,Clothing,764.69
793,Thing Product,Clothing,718.71
794,Peace Product,Clothing,268.14
795,Strong Product,Clothing,586.19
796,Artist Product,Books,786.9
797,Strong Product,Home,811.41
798,Base Product,Books,107.75
799,Consumer Product,Electronics,385.68
800,From Product,Books,557.58
801,Democratic Product,Electronics,664.89
802,Democratic Product,Clothing,431.63
803,Prepare Product,Home,543.31
804,Would Product,Clothing,599.54
805,Step Product,Books,586.55
806,Different Product,Home,270.79
807,Future Product,Electronics,600.26
808,Main Product,Electronics,47.21
809,Run Product,Home,502.0
810,Ability Product,Electronics,67.9
811,Rock Product,Books,342.29
812,Stuff Product,Home,927.05
813,Wide Product,Clothing,462.56
814,Cup Product,Books,999.44
815,Business Product,Books,933.8
816,Him Product,Clothing,809.65
817,Card Product,Clothing,800.01
818,Part Product,Clothing,540.44
819,Suffer Product,Clothing,815.12
820,Ten Product,Electronics,562.68
821,Word Product,Clothing,573.52
822,Fight Product,Home,765.12
823,Room Product,Electronics,280.0
824,Future Product,Home,129.29
825,Act Product,Clothing,181.05
826,Political Product,Clothing,202.52
827,Them Product,Books,191.69
828,Hear Product,Electronics,67.67
829,Not Product,Home,649.31
830,Most Product,Books,764.29
831,Or Product,Home,439.32
832,Guess Product,Electronics,625.69
833,Forward Product,Books,805.61
834,Tax Product,Clothing,936.31
835,Light Product,Clothing,652.66
836,Safe Product,Home,815.72
837,Between Product,Books,834.0
838,State Product,Electronics,682.23
839,Campaign Product,Home,883.24
840,Cell Product,Books,974.69
841,Story Product,Books,186.4
842,His Product,Home,892.14
843,Generation Product,Clothing,204.53
844,Task Product,Electronics,34.4
845,Political Product,Home,51.78
846,Write Product,Home,517.23
847,See Product,Books,734.72
848,Pretty Product,Home,332.42
849,Remember Product,Electronics,299.44
850,Over Product,Electronics,393.79
851,Good Product,Electronics,991.68
852,Term Product,Clothing,31.08
853,Collection Product,Home,468.43
854,Painting Product,Electronics,472.52
855,Add Product,Home,306.51
856,Will Product,Books,29.88
857,Debate Product,Clothing,866.17
858,Field Product,Electronics,288.58
859,Black Product,Home,314.97
860,Address Product,Books,915.94
861,Light Product,Books,947.49
862,Light Product,Home,499.23
863,The Product,Electronics,697.19
864,Would Product,Books,601.56
865,Behavior Product,Clothing,387.68
866,Few Product,Clothing,790.37
867,Story Product,Electronics,360.5
868,Soon Product,Home,529.91
869,Story Product,Books,229.1
870,Arrive Product,Clothing,788.06
871,Animal Product,Home,547.7
872,Identify Product,Clothing,837.19
873,Check Product,Books,989.91
874,Trip Product,Electronics,837.82
875,Road Product,Clothing,576.75
876,Fear Product,Clothing,408.54
877,Dog Product,Electronics,281.83
878,Government Product,Electronics,910.37
879,Chance Product,Electronics,575.13
880,Training Product,Books,799.42
881,People Product,Clothing,154.45
882,Suddenly Product,Home,469.12
883,Factor Product,Books,363.91
884,Whole Product,Clothing,42.76
885,Consumer Product,Electronics,69.21
886,Worker Product,Electronics,220.99
887,Money Product,Electronics,753.59
888,Allow Product,Books,20.33
889,Interview Product,Books,29.97
890,Resource Product,Books,70.07
891,Night Product,Electronics,499.4
892,Somebody Product,Clothing,431.09
893,Decide Product,Clothing,670.86
894,Give Product,Books,961.63
895,Measure Product,Electronics,562.24
896,Meet Product,Books,843.83
897,Health Product,Clothing,781.3
898,Skin Product,Home,935.64
899,Majority Product,Clothing,981.29
900,However Product,Clothing,487.33
901,Box Product,Electronics,431.7
902,Yourself Product,Clothing,328.51
903,Class Product,Clothing,739.88
904,Agree Product,Home,157.42
905,I Product,Electronics,494.25
906,Service Product,Home,743.53
907,Exist Product,Books,302.93
908,Much Product,Electronics,561.25
909,Significant Product,Books,897.46
910,Ten Product,Electronics,255.91
911,Small Product,Home,461.63
912,Pass Product,Clothing,421.78
913,Child Product,Home,402.41
914,Risk Product,Home,962.93
915,Raise Product,Home,634.96
916,Not Product,Clothing,749.12
917,Agree Product,Clothing,945.57
918,Picture Product,Clothing,865.07
919,Political Product,Home,991.23
920,Wind Product,Electronics,743.88
921,Knowledge Product,Electronics,903.72
922,Big Product,Electronics,356.65
923,Mention Product,Clothing,429.97
924,Write Product,Electronics,146.99
925,Keep Product,Electronics,668.47
926,Good Product,Clothing,98.67
927,Always Product,Electronics,180.19
928,Central Product,Clothing,812.68
929,Including Product,Books,75.4
930,Treatment Product,Home,988.62
931,Beyond Product,Electronics,267.27
932,More Product,Books,288.8
933,Little Product,Clothing,975.99
934,Sell Product,Books,546.25
935,Truth Product,Home,854.02
936,Wife Product,Books,257.95
937,Western Product,Home,153.36
938,Hour Product,Home,40.95
939,In Product,Clothing,415.92
940,Leg Product,Books,185.76
941,Here Product,Electronics,478.38
942,Page Product,Books,720.53
943,Ball Product,Books,123.66
944,Near Product,Electronics,792.48
945,Four Product,Clothing,321.65
946,Outside Product,Clothing,384.44
947,Drive Product,Books,808.43
948,Arrive Product,Books,349.04
949,Development Product,Books,186.53
950,Fill Product,Home,567.89
951,Organization Product,Home,93.44
952,Policy Product,Clothing,868.54
953,Event Product,Books,898.01
954,Let Product,Home,57.0
955,Outside Product,Clothing,146.61
956,Eight Product,Electronics,861.66
957,Trouble Product,Home,334.49
958,Make Product,Home,34.43
959,Dinner Product,Books,277.43
960,Student Product,Books,46.57
961,Article Product,Clothing,729.81
962,Movie Product,Clothing,742.93
963,Effect Product,Books,534.04
964,Piece Product,Home,665.08
965,Student Product,Clothing,909.54
966,Throughout Product,Clothing,882.44
967,Certainly Product,Books,236.28
968,Month Product,Electronics,256.32
969,Up Product,Electronics,818.2
970,Pattern Product,Books,31.6
971,Mr Product,Electronics,975.7
972,Than Product,Home,632.43
973,Single Product,Electronics,450.59
974,Top Product,Electronics,312.36
975,Fund Product,Clothing,505.81
976,Fight Product,Books,423.07
977,Area Product,Books,125.67
978,Management Product,Electronics,526.16
979,Son Product,Books,957.82
980,Here Product,Books,603.36
981,Spend Product,Electronics,434.69
982,Phone Product,Books,281.58
983,Save Product,Clothing,388.11
984,Far Product,Books,176.98
985,Food Product,Books,650.77
986,Place Product,Books,416.47
987,It Product,Electronics,117.56
988,Body Product,Home,363.24
989,Small Product,Electronics,473.98
990,Heavy Product,Books,667.72
991,Population Product,Home,332.29
992,Majority Product,Electronics,760.36
993,Would Product,Electronics,783.9
994,Me Product,Home,968.46
995,Service Product,Books,901.64
996,Wrong Product,Clothing,3.05
997,Everything Product,Home,509.9
998,Step Product,Electronics,681.1
999,Material Product,Clothing,831.67
1000,Poor Product,Books,663.9
